{"cameraMode":{"drawMode":0,"name":"Shaded","section":"Shading Mode"},"sceneLighting":true,"audioPlay":false,"sceneViewState":{"m_AlwaysRefresh":false,"showFog":true,"showSkybox":true,"showFlares":true,"showImageEffects":true,"showParticleSystems":true,"showVisualEffectGraphs":true,"m_FxEnabled":true},"in2DMode":false,"pivot":{"x":1.0279561281204224,"y":-6.730963706970215,"z":14.15873908996582},"rotation":{"x":0.18904854357242585,"y":0.009427500888705254,"z":-0.0018141698092222214,"w":0.9819304943084717},"size":42.719486236572269,"orthographic":false}